{
    "name": "cae-area-map-flow",
    "id": "/providers/Microsoft.Flow/flows/cae-area-map-flow",
    "type": "Microsoft.Flow/flows",
    "properties": {
        "apiId": "/providers/Microsoft.PowerApps/apis/shared_logicflows",
        "displayName": "CAE Area Map - Auto Update Personnel",
        "definition": {
            "metadata": {
                "creator": {
                    "id": "4b37bda5-5860-49aa-b57e-f6ae747c7d65",
                    "type": "User",
                    "tenantId": "6e51e1ad-c54b-4b39-b598-0ffe9ae68fef"
                },
                "provisioningMethod": "FromDefinition"
            },
            "$schema": "https://schema.management.azure.com/providers/Microsoft.Logic/schemas/2016-06-01/workflowdefinition.json#",
            "contentVersion": "1.0.0.0",
            "parameters": {
                "$authentication": {
                    "defaultValue": {},
                    "type": "SecureObject"
                },
                "$connections": {
                    "defaultValue": {},
                    "type": "Object"
                }
            },
            "triggers": {
                "When_an_item_is_created_or_modified": {
                    "type": "OpenApiConnection",
                    "inputs": {
                        "host": {
                            "apiId": "/providers/Microsoft.PowerApps/apis/shared_sharepointonline",
                            "connectionName": "shared_sharepointonline",
                            "operationId": "OnItemCreatedOrModified"
                        },
                        "parameters": {
                            "dataset": "https://schneiderelectric.sharepoint.com/sites/NAM-SpecifierChannel",
                            "table": "CAE list",
                            "scope": "/triggers/manual/run"
                        },
                        "authentication": "@parameters('$authentication')"
                    }
                }
            },
            "actions": {
                "Get_user_profile": {
                    "runAfter": {},
                    "type": "OpenApiConnection",
                    "inputs": {
                        "host": {
                            "apiId": "/providers/Microsoft.PowerApps/apis/shared_office365users",
                            "connectionName": "shared_office365users",
                            "operationId": "GetUserProfile"
                        },
                        "parameters": {
                            "user": "@triggerBody()?['User']?['Claims']"
                        },
                        "authentication": "@parameters('$authentication')"
                    }
                },
                "Condition": {
                    "actions": {
                        "Update_item_with_preferred_name": {
                            "runAfter": {},
                            "type": "OpenApiConnection",
                            "inputs": {
                                "host": {
                                    "apiId": "/providers/Microsoft.PowerApps/apis/shared_sharepointonline",
                                    "connectionName": "shared_sharepointonline",
                                    "operationId": "PatchItem"
                                },
                                "parameters": {
                                    "dataset": "https://schneiderelectric.sharepoint.com/sites/NAM-SpecifierChannel",
                                    "table": "CAE list",
                                    "id": "@triggerBody()?['ID']",
                                    "item/FirstName": "@body('Get_user_profile')?['givenName']",
                                    "item/LastName": "@body('Get_user_profile')?['surname']",
                                    "item/Email": "@body('Get_user_profile')?['mail']",
                                    "item/PreferredFirstName": "@body('Get_user_profile')?['givenName']",
                                    "item/LastUpdated": "@utcNow()"
                                },
                                "authentication": "@parameters('$authentication')"
                            }
                        }
                    },
                    "runAfter": {
                        "Get_user_profile": [
                            "Succeeded"
                        ]
                    },
                    "else": {
                        "actions": {
                            "Update_item_keep_preferred": {
                                "runAfter": {},
                                "type": "OpenApiConnection",
                                "inputs": {
                                    "host": {
                                        "apiId": "/providers/Microsoft.PowerApps/apis/shared_sharepointonline",
                                        "connectionName": "shared_sharepointonline",
                                        "operationId": "PatchItem"
                                    },
                                    "parameters": {
                                        "dataset": "https://schneiderelectric.sharepoint.com/sites/NAM-SpecifierChannel",
                                        "table": "CAE list",
                                        "id": "@triggerBody()?['ID']",
                                        "item/FirstName": "@body('Get_user_profile')?['givenName']",
                                        "item/LastName": "@body('Get_user_profile')?['surname']",
                                        "item/Email": "@body('Get_user_profile')?['mail']",
                                        "item/LastUpdated": "@utcNow()"
                                    },
                                    "authentication": "@parameters('$authentication')"
                                }
                            }
                        }
                    },
                    "expression": {
                        "and": [
                            {
                                "equals": [
                                    "@empty(triggerBody()?['PreferredFirstName'])",
                                    true
                                ]
                            }
                        ]
                    },
                    "type": "If"
                }
            }
        },
        "connectionReferences": {
            "shared_sharepointonline": {
                "connectionName": "shared-sharepointonline-497c942f-f4a2-46c9-85b5-e147ca40b88e",
                "source": "Embedded",
                "id": "/providers/Microsoft.PowerApps/apis/shared_sharepointonline",
                "tier": "NotSpecified"
            },
            "shared_office365users": {
                "connectionName": "shared-office365users-4eccc2eb-6b3d-4e96-a1f9-e4c64d288893",
                "source": "Embedded",
                "id": "/providers/Microsoft.PowerApps/apis/shared_office365users",
                "tier": "NotSpecified"
            }
        }
    }
}
